<metadata xml:lang="en"><Esri><CreaDate>20170124</CreaDate><CreaTime>20444400</CreaTime><ArcGISFormat>1.0</ArcGISFormat><SyncOnce>FALSE</SyncOnce><DataProperties><lineage><Process ToolSource="e:\program files (x86)\arcgis\desktop10.3\ArcToolbox\Toolboxes\Data Management Tools.tbx\CreateFeatureclass" Date="20170124" Time="204444">CreateFeatureclass E:\code\Spatial\Connections\OPS$GEODATA_D2CS01.sde GEO2016_BLKGROUP_P2G3_A POLYGON G:\\load\\en\\GEO\\2016\\spatial\geo_2016_g_01000_150_00_py_z6-20161229134606.shp SAME_AS_TEMPLATE SAME_AS_TEMPLATE "PROJCS['WGS_1984_Web_Mercator_Auxiliary_Sphere',GEOGCS['GCS_WGS_1984',DATUM['D_WGS_1984',SPHEROID['WGS_1984',6378137.0,298.257223563]],PRIMEM['Greenwich',0.0],UNIT['Degree',0.0174532925199433]],PROJECTION['Mercator_Auxiliary_Sphere'],PARAMETER['False_Easting',0.0],PARAMETER['False_Northing',0.0],PARAMETER['Central_Meridian',0.0],PARAMETER['Standard_Parallel_1',0.0],PARAMETER['Auxiliary_Sphere_Type',0.0],UNIT['Meter',1.0]];-20037700 -30241100 10000;-100000 10000;-100000 10000;0.001;0.001;0.001;IsHighPrecision" ST_GEOMETRY 0 0 0</Process><Process ToolSource="e:\program files (x86)\arcgis\desktop10.3\ArcToolbox\Toolboxes\Data Management Tools.tbx\ChangePrivileges" Date="20170124" Time="204446">ChangePrivileges E:\code\Spatial\Connections\OPS$GEODATA_D2CS01.sde\GEO2016_BLKGROUP_P2G3_A SPATIAL_META2010_RW GRANT AS_IS</Process><Process ToolSource="e:\program files (x86)\arcgis\desktop10.3\ArcToolbox\Toolboxes\Data Management Tools.tbx\RemoveSpatialIndex" Date="20170124" Time="204447">RemoveSpatialIndex E:\code\Spatial\Connections\OPS$GEODATA_D2CS01.sde\GEO2016_BLKGROUP_P2G3_A</Process><Process ToolSource="e:\program files (x86)\arcgis\desktop10.3\ArcToolbox\Toolboxes\Data Management Tools.tbx\Append" Date="20170124" Time="204501">Append G:\\load\\en\\GEO\\2016\\spatial\geo_2016_g_01000_150_00_py_z6-20161229134606.shp E:\code\Spatial\Connections\OPS$GEODATA_D2CS01.sde\GEO2016_BLKGROUP_P2G3_A TEST # #</Process><Process ToolSource="e:\program files (x86)\arcgis\desktop10.3\ArcToolbox\Toolboxes\Data Management Tools.tbx\RemoveSpatialIndex" Date="20170125" Time="184723">RemoveSpatialIndex E:\code\Spatial\Connections\OPS$GEODATA_D2CS01.sde\GEO2016_BLKGROUP_P2G3_A</Process><Process ToolSource="e:\program files (x86)\arcgis\desktop10.3\ArcToolbox\Toolboxes\Data Management Tools.tbx\AddSpatialIndex" Date="20170125" Time="184725">AddSpatialIndex E:\code\Spatial\Connections\OPS$GEODATA_D2CS01.sde\GEO2016_BLKGROUP_P2G3_A 40000000 0 0</Process><Process ToolSource="e:\program files (x86)\arcgis\desktop10.3\ArcToolbox\Toolboxes\Data Management Tools.tbx\Append" Date="20170125" Time="220628">Append G:\\load\\en\\GEO\\2016\\spatial\geo_2016_g_01000_150_00_py_z6-20161229134606.shp E:\code\Spatial\Connections\OPS$GEODATA_D2CS01.sde\GEO2016_BLKGROUP_P2G3_A TEST # #</Process><Process ToolSource="e:\program files (x86)\arcgis\desktop10.3\ArcToolbox\Toolboxes\Data Management Tools.tbx\Append" Date="20170125" Time="221102">Append G:\\load\\en\\GEO\\2016\\spatial\geo_2016_g_02000_150_00_py_z6-20161229134606.shp E:\code\Spatial\Connections\OPS$GEODATA_D2CS01.sde\GEO2016_BLKGROUP_P2G3_A TEST # #</Process><Process ToolSource="e:\program files (x86)\arcgis\desktop10.3\ArcToolbox\Toolboxes\Data Management Tools.tbx\Append" Date="20170125" Time="221628">Append G:\\load\\en\\GEO\\2016\\spatial\geo_2016_g_04000_150_00_py_z6-20161229134606.shp E:\code\Spatial\Connections\OPS$GEODATA_D2CS01.sde\GEO2016_BLKGROUP_P2G3_A TEST # #</Process><Process ToolSource="e:\program files (x86)\arcgis\desktop10.3\ArcToolbox\Toolboxes\Data Management Tools.tbx\Append" Date="20170125" Time="222031">Append G:\\load\\en\\GEO\\2016\\spatial\geo_2016_g_05000_150_00_py_z6-20161229134606.shp E:\code\Spatial\Connections\OPS$GEODATA_D2CS01.sde\GEO2016_BLKGROUP_P2G3_A TEST # #</Process><Process ToolSource="e:\program files (x86)\arcgis\desktop10.3\ArcToolbox\Toolboxes\Data Management Tools.tbx\Append" Date="20170125" Time="222705">Append G:\\load\\en\\GEO\\2016\\spatial\geo_2016_g_06000_150_00_py_z6-20161229134606.shp E:\code\Spatial\Connections\OPS$GEODATA_D2CS01.sde\GEO2016_BLKGROUP_P2G3_A TEST # #</Process><Process ToolSource="e:\program files (x86)\arcgis\desktop10.3\ArcToolbox\Toolboxes\Data Management Tools.tbx\Append" Date="20170125" Time="223204">Append G:\\load\\en\\GEO\\2016\\spatial\geo_2016_g_08000_150_00_py_z6-20161229134606.shp E:\code\Spatial\Connections\OPS$GEODATA_D2CS01.sde\GEO2016_BLKGROUP_P2G3_A TEST # #</Process><Process ToolSource="e:\program files (x86)\arcgis\desktop10.3\ArcToolbox\Toolboxes\Data Management Tools.tbx\Append" Date="20170125" Time="224020">Append G:\\load\\en\\GEO\\2016\\spatial\geo_2016_g_09000_150_00_py_z6-20161229134606.shp E:\code\Spatial\Connections\OPS$GEODATA_D2CS01.sde\GEO2016_BLKGROUP_P2G3_A TEST # #</Process><Process ToolSource="e:\program files (x86)\arcgis\desktop10.3\ArcToolbox\Toolboxes\Data Management Tools.tbx\Append" Date="20170125" Time="224605">Append G:\\load\\en\\GEO\\2016\\spatial\geo_2016_g_10000_150_00_py_z6-20161229134606.shp E:\code\Spatial\Connections\OPS$GEODATA_D2CS01.sde\GEO2016_BLKGROUP_P2G3_A TEST # #</Process><Process ToolSource="e:\program files (x86)\arcgis\desktop10.3\ArcToolbox\Toolboxes\Data Management Tools.tbx\Append" Date="20170125" Time="224957">Append G:\\load\\en\\GEO\\2016\\spatial\geo_2016_g_11000_150_00_py_z6-20161229134606.shp E:\code\Spatial\Connections\OPS$GEODATA_D2CS01.sde\GEO2016_BLKGROUP_P2G3_A TEST # #</Process><Process ToolSource="e:\program files (x86)\arcgis\desktop10.3\ArcToolbox\Toolboxes\Data Management Tools.tbx\Append" Date="20170125" Time="225517">Append G:\\load\\en\\GEO\\2016\\spatial\geo_2016_g_12000_150_00_py_z6-20161229134606.shp E:\code\Spatial\Connections\OPS$GEODATA_D2CS01.sde\GEO2016_BLKGROUP_P2G3_A TEST # #</Process><Process ToolSource="e:\program files (x86)\arcgis\desktop10.3\ArcToolbox\Toolboxes\Data Management Tools.tbx\Append" Date="20170125" Time="230101">Append G:\\load\\en\\GEO\\2016\\spatial\geo_2016_g_13000_150_00_py_z6-20161229134606.shp E:\code\Spatial\Connections\OPS$GEODATA_D2CS01.sde\GEO2016_BLKGROUP_P2G3_A TEST # #</Process><Process ToolSource="e:\program files (x86)\arcgis\desktop10.3\ArcToolbox\Toolboxes\Data Management Tools.tbx\Append" Date="20170125" Time="230551">Append G:\\load\\en\\GEO\\2016\\spatial\geo_2016_g_15000_150_00_py_z6-20161229134606.shp E:\code\Spatial\Connections\OPS$GEODATA_D2CS01.sde\GEO2016_BLKGROUP_P2G3_A TEST # #</Process><Process ToolSource="e:\program files (x86)\arcgis\desktop10.3\ArcToolbox\Toolboxes\Data Management Tools.tbx\Append" Date="20170125" Time="231039">Append G:\\load\\en\\GEO\\2016\\spatial\geo_2016_g_16000_150_00_py_z6-20161229134606.shp E:\code\Spatial\Connections\OPS$GEODATA_D2CS01.sde\GEO2016_BLKGROUP_P2G3_A TEST # #</Process><Process ToolSource="e:\program files (x86)\arcgis\desktop10.3\ArcToolbox\Toolboxes\Data Management Tools.tbx\Append" Date="20170125" Time="231543">Append G:\\load\\en\\GEO\\2016\\spatial\geo_2016_g_17000_150_00_py_z6-20161229134606.shp E:\code\Spatial\Connections\OPS$GEODATA_D2CS01.sde\GEO2016_BLKGROUP_P2G3_A TEST # #</Process><Process ToolSource="e:\program files (x86)\arcgis\desktop10.3\ArcToolbox\Toolboxes\Data Management Tools.tbx\Append" Date="20170125" Time="232110">Append G:\\load\\en\\GEO\\2016\\spatial\geo_2016_g_18000_150_00_py_z6-20161229134606.shp E:\code\Spatial\Connections\OPS$GEODATA_D2CS01.sde\GEO2016_BLKGROUP_P2G3_A TEST # #</Process><Process ToolSource="e:\program files (x86)\arcgis\desktop10.3\ArcToolbox\Toolboxes\Data Management Tools.tbx\Append" Date="20170125" Time="232654">Append G:\\load\\en\\GEO\\2016\\spatial\geo_2016_g_19000_150_00_py_z6-20161229134606.shp E:\code\Spatial\Connections\OPS$GEODATA_D2CS01.sde\GEO2016_BLKGROUP_P2G3_A TEST # #</Process><Process ToolSource="e:\program files (x86)\arcgis\desktop10.3\ArcToolbox\Toolboxes\Data Management Tools.tbx\Append" Date="20170125" Time="233236">Append G:\\load\\en\\GEO\\2016\\spatial\geo_2016_g_20000_150_00_py_z6-20161229134606.shp E:\code\Spatial\Connections\OPS$GEODATA_D2CS01.sde\GEO2016_BLKGROUP_P2G3_A TEST # #</Process><Process ToolSource="e:\program files (x86)\arcgis\desktop10.3\ArcToolbox\Toolboxes\Data Management Tools.tbx\Append" Date="20170125" Time="233828">Append G:\\load\\en\\GEO\\2016\\spatial\geo_2016_g_21000_150_00_py_z6-20161229134606.shp E:\code\Spatial\Connections\OPS$GEODATA_D2CS01.sde\GEO2016_BLKGROUP_P2G3_A TEST # #</Process><Process ToolSource="e:\program files (x86)\arcgis\desktop10.3\ArcToolbox\Toolboxes\Data Management Tools.tbx\Append" Date="20170125" Time="234336">Append G:\\load\\en\\GEO\\2016\\spatial\geo_2016_g_22000_150_00_py_z6-20161229134606.shp E:\code\Spatial\Connections\OPS$GEODATA_D2CS01.sde\GEO2016_BLKGROUP_P2G3_A TEST # #</Process><Process ToolSource="e:\program files (x86)\arcgis\desktop10.3\ArcToolbox\Toolboxes\Data Management Tools.tbx\Append" Date="20170125" Time="234954">Append G:\\load\\en\\GEO\\2016\\spatial\geo_2016_g_23000_150_00_py_z6-20161229134606.shp E:\code\Spatial\Connections\OPS$GEODATA_D2CS01.sde\GEO2016_BLKGROUP_P2G3_A TEST # #</Process><Process ToolSource="e:\program files (x86)\arcgis\desktop10.3\ArcToolbox\Toolboxes\Data Management Tools.tbx\Append" Date="20170125" Time="235449">Append G:\\load\\en\\GEO\\2016\\spatial\geo_2016_g_24000_150_00_py_z6-20161229134606.shp E:\code\Spatial\Connections\OPS$GEODATA_D2CS01.sde\GEO2016_BLKGROUP_P2G3_A TEST # #</Process><Process ToolSource="e:\program files (x86)\arcgis\desktop10.3\ArcToolbox\Toolboxes\Data Management Tools.tbx\Append" Date="20170126" Time="000156">Append G:\\load\\en\\GEO\\2016\\spatial\geo_2016_g_25000_150_00_py_z6-20161229134606.shp E:\code\Spatial\Connections\OPS$GEODATA_D2CS01.sde\GEO2016_BLKGROUP_P2G3_A TEST # #</Process><Process ToolSource="e:\program files (x86)\arcgis\desktop10.3\ArcToolbox\Toolboxes\Data Management Tools.tbx\Append" Date="20170126" Time="000823">Append G:\\load\\en\\GEO\\2016\\spatial\geo_2016_g_26000_150_00_py_z6-20161229134606.shp E:\code\Spatial\Connections\OPS$GEODATA_D2CS01.sde\GEO2016_BLKGROUP_P2G3_A TEST # #</Process><Process ToolSource="e:\program files (x86)\arcgis\desktop10.3\ArcToolbox\Toolboxes\Data Management Tools.tbx\Append" Date="20170126" Time="001432">Append G:\\load\\en\\GEO\\2016\\spatial\geo_2016_g_27000_150_00_py_z6-20161229134606.shp E:\code\Spatial\Connections\OPS$GEODATA_D2CS01.sde\GEO2016_BLKGROUP_P2G3_A TEST # #</Process><Process ToolSource="e:\program files (x86)\arcgis\desktop10.3\ArcToolbox\Toolboxes\Data Management Tools.tbx\Append" Date="20170126" Time="002024">Append G:\\load\\en\\GEO\\2016\\spatial\geo_2016_g_28000_150_00_py_z6-20161229134606.shp E:\code\Spatial\Connections\OPS$GEODATA_D2CS01.sde\GEO2016_BLKGROUP_P2G3_A TEST # #</Process><Process ToolSource="e:\program files (x86)\arcgis\desktop10.3\ArcToolbox\Toolboxes\Data Management Tools.tbx\Append" Date="20170126" Time="002510">Append G:\\load\\en\\GEO\\2016\\spatial\geo_2016_g_29000_150_00_py_z6-20161229134606.shp E:\code\Spatial\Connections\OPS$GEODATA_D2CS01.sde\GEO2016_BLKGROUP_P2G3_A TEST # #</Process><Process ToolSource="e:\program files (x86)\arcgis\desktop10.3\ArcToolbox\Toolboxes\Data Management Tools.tbx\Append" Date="20170126" Time="003120">Append G:\\load\\en\\GEO\\2016\\spatial\geo_2016_g_30000_150_00_py_z6-20161229134606.shp E:\code\Spatial\Connections\OPS$GEODATA_D2CS01.sde\GEO2016_BLKGROUP_P2G3_A TEST # #</Process><Process ToolSource="e:\program files (x86)\arcgis\desktop10.3\ArcToolbox\Toolboxes\Data Management Tools.tbx\Append" Date="20170126" Time="003632">Append G:\\load\\en\\GEO\\2016\\spatial\geo_2016_g_31000_150_00_py_z6-20161229134606.shp E:\code\Spatial\Connections\OPS$GEODATA_D2CS01.sde\GEO2016_BLKGROUP_P2G3_A TEST # #</Process><Process ToolSource="e:\program files (x86)\arcgis\desktop10.3\ArcToolbox\Toolboxes\Data Management Tools.tbx\Append" Date="20170126" Time="004212">Append G:\\load\\en\\GEO\\2016\\spatial\geo_2016_g_32000_150_00_py_z6-20161229134606.shp E:\code\Spatial\Connections\OPS$GEODATA_D2CS01.sde\GEO2016_BLKGROUP_P2G3_A TEST # #</Process><Process ToolSource="e:\program files (x86)\arcgis\desktop10.3\ArcToolbox\Toolboxes\Data Management Tools.tbx\Append" Date="20170126" Time="004804">Append G:\\load\\en\\GEO\\2016\\spatial\geo_2016_g_33000_150_00_py_z6-20161229134606.shp E:\code\Spatial\Connections\OPS$GEODATA_D2CS01.sde\GEO2016_BLKGROUP_P2G3_A TEST # #</Process><Process ToolSource="e:\program files (x86)\arcgis\desktop10.3\ArcToolbox\Toolboxes\Data Management Tools.tbx\Append" Date="20170126" Time="005412">Append G:\\load\\en\\GEO\\2016\\spatial\geo_2016_g_34000_150_00_py_z6-20161229134606.shp E:\code\Spatial\Connections\OPS$GEODATA_D2CS01.sde\GEO2016_BLKGROUP_P2G3_A TEST # #</Process><Process ToolSource="e:\program files (x86)\arcgis\desktop10.3\ArcToolbox\Toolboxes\Data Management Tools.tbx\Append" Date="20170126" Time="010006">Append G:\\load\\en\\GEO\\2016\\spatial\geo_2016_g_35000_150_00_py_z6-20161229134606.shp E:\code\Spatial\Connections\OPS$GEODATA_D2CS01.sde\GEO2016_BLKGROUP_P2G3_A TEST # #</Process><Process ToolSource="e:\program files (x86)\arcgis\desktop10.3\ArcToolbox\Toolboxes\Data Management Tools.tbx\Append" Date="20170126" Time="010624">Append G:\\load\\en\\GEO\\2016\\spatial\geo_2016_g_36000_150_00_py_z6-20161229134606.shp E:\code\Spatial\Connections\OPS$GEODATA_D2CS01.sde\GEO2016_BLKGROUP_P2G3_A TEST # #</Process><Process ToolSource="e:\program files (x86)\arcgis\desktop10.3\ArcToolbox\Toolboxes\Data Management Tools.tbx\Append" Date="20170126" Time="011208">Append G:\\load\\en\\GEO\\2016\\spatial\geo_2016_g_37000_150_00_py_z6-20161229134606.shp E:\code\Spatial\Connections\OPS$GEODATA_D2CS01.sde\GEO2016_BLKGROUP_P2G3_A TEST # #</Process><Process ToolSource="e:\program files (x86)\arcgis\desktop10.3\ArcToolbox\Toolboxes\Data Management Tools.tbx\Append" Date="20170126" Time="011745">Append G:\\load\\en\\GEO\\2016\\spatial\geo_2016_g_38000_150_00_py_z6-20161229134606.shp E:\code\Spatial\Connections\OPS$GEODATA_D2CS01.sde\GEO2016_BLKGROUP_P2G3_A TEST # #</Process><Process ToolSource="e:\program files (x86)\arcgis\desktop10.3\ArcToolbox\Toolboxes\Data Management Tools.tbx\Append" Date="20170126" Time="012257">Append G:\\load\\en\\GEO\\2016\\spatial\geo_2016_g_39000_150_00_py_z6-20161229134606.shp E:\code\Spatial\Connections\OPS$GEODATA_D2CS01.sde\GEO2016_BLKGROUP_P2G3_A TEST # #</Process><Process ToolSource="e:\program files (x86)\arcgis\desktop10.3\ArcToolbox\Toolboxes\Data Management Tools.tbx\Append" Date="20170126" Time="012902">Append G:\\load\\en\\GEO\\2016\\spatial\geo_2016_g_40000_150_00_py_z6-20161229134606.shp E:\code\Spatial\Connections\OPS$GEODATA_D2CS01.sde\GEO2016_BLKGROUP_P2G3_A TEST # #</Process><Process ToolSource="e:\program files (x86)\arcgis\desktop10.3\ArcToolbox\Toolboxes\Data Management Tools.tbx\Append" Date="20170126" Time="013448">Append G:\\load\\en\\GEO\\2016\\spatial\geo_2016_g_41000_150_00_py_z6-20161229134606.shp E:\code\Spatial\Connections\OPS$GEODATA_D2CS01.sde\GEO2016_BLKGROUP_P2G3_A TEST # #</Process><Process ToolSource="e:\program files (x86)\arcgis\desktop10.3\ArcToolbox\Toolboxes\Data Management Tools.tbx\Append" Date="20170126" Time="013944">Append G:\\load\\en\\GEO\\2016\\spatial\geo_2016_g_42000_150_00_py_z6-20161229134606.shp E:\code\Spatial\Connections\OPS$GEODATA_D2CS01.sde\GEO2016_BLKGROUP_P2G3_A TEST # #</Process><Process ToolSource="e:\program files (x86)\arcgis\desktop10.3\ArcToolbox\Toolboxes\Data Management Tools.tbx\Append" Date="20170126" Time="014630">Append G:\\load\\en\\GEO\\2016\\spatial\geo_2016_g_44000_150_00_py_z6-20161229134606.shp E:\code\Spatial\Connections\OPS$GEODATA_D2CS01.sde\GEO2016_BLKGROUP_P2G3_A TEST # #</Process><Process ToolSource="e:\program files (x86)\arcgis\desktop10.3\ArcToolbox\Toolboxes\Data Management Tools.tbx\Append" Date="20170126" Time="015230">Append G:\\load\\en\\GEO\\2016\\spatial\geo_2016_g_45000_150_00_py_z6-20161229134606.shp E:\code\Spatial\Connections\OPS$GEODATA_D2CS01.sde\GEO2016_BLKGROUP_P2G3_A TEST # #</Process><Process ToolSource="e:\program files (x86)\arcgis\desktop10.3\ArcToolbox\Toolboxes\Data Management Tools.tbx\Append" Date="20170126" Time="015747">Append G:\\load\\en\\GEO\\2016\\spatial\geo_2016_g_46000_150_00_py_z6-20161229134606.shp E:\code\Spatial\Connections\OPS$GEODATA_D2CS01.sde\GEO2016_BLKGROUP_P2G3_A TEST # #</Process><Process ToolSource="e:\program files (x86)\arcgis\desktop10.3\ArcToolbox\Toolboxes\Data Management Tools.tbx\Append" Date="20170126" Time="020348">Append G:\\load\\en\\GEO\\2016\\spatial\geo_2016_g_47000_150_00_py_z6-20161229134606.shp E:\code\Spatial\Connections\OPS$GEODATA_D2CS01.sde\GEO2016_BLKGROUP_P2G3_A TEST # #</Process><Process ToolSource="e:\program files (x86)\arcgis\desktop10.3\ArcToolbox\Toolboxes\Data Management Tools.tbx\Append" Date="20170126" Time="021112">Append G:\\load\\en\\GEO\\2016\\spatial\geo_2016_g_48000_150_00_py_z6-20161229134606.shp E:\code\Spatial\Connections\OPS$GEODATA_D2CS01.sde\GEO2016_BLKGROUP_P2G3_A TEST # #</Process><Process ToolSource="e:\program files (x86)\arcgis\desktop10.3\ArcToolbox\Toolboxes\Data Management Tools.tbx\Append" Date="20170126" Time="021650">Append G:\\load\\en\\GEO\\2016\\spatial\geo_2016_g_49000_150_00_py_z6-20161229134606.shp E:\code\Spatial\Connections\OPS$GEODATA_D2CS01.sde\GEO2016_BLKGROUP_P2G3_A TEST # #</Process><Process ToolSource="e:\program files (x86)\arcgis\desktop10.3\ArcToolbox\Toolboxes\Data Management Tools.tbx\Append" Date="20170126" Time="022212">Append G:\\load\\en\\GEO\\2016\\spatial\geo_2016_g_50000_150_00_py_z6-20161229134606.shp E:\code\Spatial\Connections\OPS$GEODATA_D2CS01.sde\GEO2016_BLKGROUP_P2G3_A TEST # #</Process><Process ToolSource="e:\program files (x86)\arcgis\desktop10.3\ArcToolbox\Toolboxes\Data Management Tools.tbx\Append" Date="20170126" Time="022832">Append G:\\load\\en\\GEO\\2016\\spatial\geo_2016_g_51000_150_00_py_z6-20161229134606.shp E:\code\Spatial\Connections\OPS$GEODATA_D2CS01.sde\GEO2016_BLKGROUP_P2G3_A TEST # #</Process><Process ToolSource="e:\program files (x86)\arcgis\desktop10.3\ArcToolbox\Toolboxes\Data Management Tools.tbx\Append" Date="20170126" Time="023418">Append G:\\load\\en\\GEO\\2016\\spatial\geo_2016_g_53000_150_00_py_z6-20161229134606.shp E:\code\Spatial\Connections\OPS$GEODATA_D2CS01.sde\GEO2016_BLKGROUP_P2G3_A TEST # #</Process><Process ToolSource="e:\program files (x86)\arcgis\desktop10.3\ArcToolbox\Toolboxes\Data Management Tools.tbx\Append" Date="20170126" Time="023910">Append G:\\load\\en\\GEO\\2016\\spatial\geo_2016_g_54000_150_00_py_z6-20161229134606.shp E:\code\Spatial\Connections\OPS$GEODATA_D2CS01.sde\GEO2016_BLKGROUP_P2G3_A TEST # #</Process><Process ToolSource="e:\program files (x86)\arcgis\desktop10.3\ArcToolbox\Toolboxes\Data Management Tools.tbx\Append" Date="20170126" Time="024514">Append G:\\load\\en\\GEO\\2016\\spatial\geo_2016_g_55000_150_00_py_z6-20161229134606.shp E:\code\Spatial\Connections\OPS$GEODATA_D2CS01.sde\GEO2016_BLKGROUP_P2G3_A TEST # #</Process><Process ToolSource="e:\program files (x86)\arcgis\desktop10.3\ArcToolbox\Toolboxes\Data Management Tools.tbx\Append" Date="20170126" Time="025104">Append G:\\load\\en\\GEO\\2016\\spatial\geo_2016_g_56000_150_00_py_z6-20161229134606.shp E:\code\Spatial\Connections\OPS$GEODATA_D2CS01.sde\GEO2016_BLKGROUP_P2G3_A TEST # #</Process><Process ToolSource="e:\program files (x86)\arcgis\desktop10.3\ArcToolbox\Toolboxes\Data Management Tools.tbx\Append" Date="20170126" Time="025335">Append G:\\load\\en\\GEO\\2016\\spatial\geo_2016_g_60000_150_00_py_z6-20161229134606.shp E:\code\Spatial\Connections\OPS$GEODATA_D2CS01.sde\GEO2016_BLKGROUP_P2G3_A TEST # #</Process><Process ToolSource="e:\program files (x86)\arcgis\desktop10.3\ArcToolbox\Toolboxes\Data Management Tools.tbx\Append" Date="20170126" Time="025604">Append G:\\load\\en\\GEO\\2016\\spatial\geo_2016_g_66000_150_00_py_z6-20161229134606.shp E:\code\Spatial\Connections\OPS$GEODATA_D2CS01.sde\GEO2016_BLKGROUP_P2G3_A TEST # #</Process><Process ToolSource="e:\program files (x86)\arcgis\desktop10.3\ArcToolbox\Toolboxes\Data Management Tools.tbx\Append" Date="20170126" Time="025845">Append G:\\load\\en\\GEO\\2016\\spatial\geo_2016_g_69000_150_00_py_z6-20161229134606.shp E:\code\Spatial\Connections\OPS$GEODATA_D2CS01.sde\GEO2016_BLKGROUP_P2G3_A TEST # #</Process><Process ToolSource="e:\program files (x86)\arcgis\desktop10.3\ArcToolbox\Toolboxes\Data Management Tools.tbx\Append" Date="20170126" Time="030301">Append G:\\load\\en\\GEO\\2016\\spatial\geo_2016_g_72000_150_00_py_z6-20161229134606.shp E:\code\Spatial\Connections\OPS$GEODATA_D2CS01.sde\GEO2016_BLKGROUP_P2G3_A TEST # #</Process><Process ToolSource="e:\program files (x86)\arcgis\desktop10.3\ArcToolbox\Toolboxes\Data Management Tools.tbx\Append" Date="20170126" Time="030606">Append G:\\load\\en\\GEO\\2016\\spatial\geo_2016_g_78000_150_00_py_z6-20161229134606.shp E:\code\Spatial\Connections\OPS$GEODATA_D2CS01.sde\GEO2016_BLKGROUP_P2G3_A TEST # #</Process><Process ToolSource="e:\program files (x86)\arcgis\desktop10.3\ArcToolbox\Toolboxes\Data Management Tools.tbx\RemoveSpatialIndex" Date="20170126" Time="035302">RemoveSpatialIndex E:\code\Spatial\Connections\OPS$GEODATA_D2CS01.sde\GEO2016_BLKGROUP_P2G3_A</Process><Process ToolSource="e:\program files (x86)\arcgis\desktop10.3\ArcToolbox\Toolboxes\Data Management Tools.tbx\AddSpatialIndex" Date="20170126" Time="035320">AddSpatialIndex E:\code\Spatial\Connections\OPS$GEODATA_D2CS01.sde\GEO2016_BLKGROUP_P2G3_A 43000 3827000 0</Process></lineage><itemProps><itemName Sync="TRUE">EUS0</itemName><imsContentType Sync="TRUE">002</imsContentType><itemSize Sync="TRUE">0.000</itemSize><itemLocation><linkage Sync="TRUE">file://\\DADSB301\E\arcgisserver\directories\arcgisjobs\shapedownload_gpserver\j784eae6de5dc477195a36cac6c8bc946\scratch\EUS0.shp</linkage><protocol Sync="TRUE">Local Area Network</protocol></itemLocation></itemProps><coordRef><type Sync="TRUE">Projected</type><geogcsn Sync="TRUE">GCS_WGS_1984</geogcsn><csUnits Sync="TRUE">Linear Unit: Meter (1.000000)</csUnits><projcsn Sync="TRUE">WGS_1984_Web_Mercator_Auxiliary_Sphere</projcsn><peXml Sync="TRUE">&lt;ProjectedCoordinateSystem xsi:type='typens:ProjectedCoordinateSystem' xmlns:xsi='http://www.w3.org/2001/XMLSchema-instance' xmlns:xs='http://www.w3.org/2001/XMLSchema' xmlns:typens='http://www.esri.com/schemas/ArcGIS/10.3'&gt;&lt;WKT&gt;PROJCS[&amp;quot;WGS_1984_Web_Mercator_Auxiliary_Sphere&amp;quot;,GEOGCS[&amp;quot;GCS_WGS_1984&amp;quot;,DATUM[&amp;quot;D_WGS_1984&amp;quot;,SPHEROID[&amp;quot;WGS_1984&amp;quot;,6378137.0,298.257223563]],PRIMEM[&amp;quot;Greenwich&amp;quot;,0.0],UNIT[&amp;quot;Degree&amp;quot;,0.0174532925199433]],PROJECTION[&amp;quot;Mercator_Auxiliary_Sphere&amp;quot;],PARAMETER[&amp;quot;False_Easting&amp;quot;,0.0],PARAMETER[&amp;quot;False_Northing&amp;quot;,0.0],PARAMETER[&amp;quot;Central_Meridian&amp;quot;,0.0],PARAMETER[&amp;quot;Standard_Parallel_1&amp;quot;,0.0],PARAMETER[&amp;quot;Auxiliary_Sphere_Type&amp;quot;,0.0],UNIT[&amp;quot;Meter&amp;quot;,1.0],AUTHORITY[&amp;quot;EPSG&amp;quot;,3857]]&lt;/WKT&gt;&lt;XOrigin&gt;-20037700&lt;/XOrigin&gt;&lt;YOrigin&gt;-30241100&lt;/YOrigin&gt;&lt;XYScale&gt;148923141.92838538&lt;/XYScale&gt;&lt;ZOrigin&gt;-100000&lt;/ZOrigin&gt;&lt;ZScale&gt;10000&lt;/ZScale&gt;&lt;MOrigin&gt;-100000&lt;/MOrigin&gt;&lt;MScale&gt;10000&lt;/MScale&gt;&lt;XYTolerance&gt;0.001&lt;/XYTolerance&gt;&lt;ZTolerance&gt;0.001&lt;/ZTolerance&gt;&lt;MTolerance&gt;0.001&lt;/MTolerance&gt;&lt;HighPrecision&gt;true&lt;/HighPrecision&gt;&lt;WKID&gt;102100&lt;/WKID&gt;&lt;LatestWKID&gt;3857&lt;/LatestWKID&gt;&lt;/ProjectedCoordinateSystem&gt;</peXml></coordRef></DataProperties><SyncDate>20180811</SyncDate><SyncTime>16185500</SyncTime><ModDate>20180811</ModDate><ModTime>16185500</ModTime></Esri><dataIdInfo><envirDesc Sync="TRUE">Microsoft Windows Server 2008 R2 Version 6.1 (Build 7601) Service Pack 1; Esri ArcGIS 10.3.1.4959</envirDesc><dataLang><languageCode value="eng" Sync="TRUE"></languageCode><countryCode value="USA" Sync="TRUE"></countryCode></dataLang><idCitation><resTitle Sync="TRUE">EUS0</resTitle><presForm><PresFormCd value="005" Sync="TRUE"></PresFormCd></presForm></idCitation><spatRpType><SpatRepTypCd value="001" Sync="TRUE"></SpatRepTypCd></spatRpType></dataIdInfo><mdLang><languageCode value="eng" Sync="TRUE"></languageCode><countryCode value="USA" Sync="TRUE"></countryCode></mdLang><distInfo><distFormat><formatName Sync="TRUE">Shapefile</formatName></distFormat><distTranOps><transSize Sync="TRUE">0.000</transSize></distTranOps></distInfo><mdHrLv><ScopeCd value="005" Sync="TRUE"></ScopeCd></mdHrLv><mdHrLvName Sync="TRUE">dataset</mdHrLvName><refSysInfo><RefSystem><refSysID><identCode code="3857" Sync="TRUE"></identCode><idCodeSpace Sync="TRUE">EPSG</idCodeSpace><idVersion Sync="TRUE">8.6.2</idVersion></refSysID></RefSystem></refSysInfo><spatRepInfo><VectSpatRep><geometObjs Name="EUS0"><geoObjTyp><GeoObjTypCd value="002" Sync="TRUE"></GeoObjTypCd></geoObjTyp><geoObjCnt Sync="TRUE">0</geoObjCnt></geometObjs><topLvl><TopoLevCd value="001" Sync="TRUE"></TopoLevCd></topLvl></VectSpatRep></spatRepInfo><spdoinfo><ptvctinf><esriterm Name="EUS0"><efeatyp Sync="TRUE">Simple</efeatyp><efeageom code="4" Sync="TRUE"></efeageom><esritopo Sync="TRUE">FALSE</esritopo><efeacnt Sync="TRUE">0</efeacnt><spindex Sync="TRUE">FALSE</spindex><linrefer Sync="TRUE">FALSE</linrefer></esriterm></ptvctinf></spdoinfo><eainfo><detailed Name="EUS0"><enttyp><enttypl Sync="TRUE">EUS0</enttypl><enttypt Sync="TRUE">Feature Class</enttypt><enttypc Sync="TRUE">0</enttypc></enttyp><attr><attrlabl Sync="TRUE">FID</attrlabl><attalias Sync="TRUE">FID</attalias><attrtype Sync="TRUE">OID</attrtype><attwidth Sync="TRUE">4</attwidth><atprecis Sync="TRUE">0</atprecis><attscale Sync="TRUE">0</attscale><attrdef Sync="TRUE">Internal feature number.</attrdef><attrdefs Sync="TRUE">Esri</attrdefs><attrdomv><udom Sync="TRUE">Sequential unique whole numbers that are automatically generated.</udom></attrdomv></attr><attr><attrlabl Sync="TRUE">Shape</attrlabl><attalias Sync="TRUE">Shape</attalias><attrtype Sync="TRUE">Geometry</attrtype><attwidth Sync="TRUE">0</attwidth><atprecis Sync="TRUE">0</atprecis><attscale Sync="TRUE">0</attscale><attrdef Sync="TRUE">Feature geometry.</attrdef><attrdefs Sync="TRUE">Esri</attrdefs><attrdomv><udom Sync="TRUE">Coordinates defining the features.</udom></attrdomv></attr><attr><attrlabl Sync="TRUE">GEO_ID</attrlabl><attalias Sync="TRUE">GEO_ID</attalias><attrtype Sync="TRUE">String</attrtype><attwidth Sync="TRUE">60</attwidth><atprecis Sync="TRUE">0</atprecis><attscale Sync="TRUE">0</attscale></attr><attr><attrlabl Sync="TRUE">STATE</attrlabl><attalias Sync="TRUE">STATE</attalias><attrtype Sync="TRUE">String</attrtype><attwidth Sync="TRUE">2</attwidth><atprecis Sync="TRUE">0</atprecis><attscale Sync="TRUE">0</attscale></attr><attr><attrlabl Sync="TRUE">COUNTY</attrlabl><attalias Sync="TRUE">COUNTY</attalias><attrtype Sync="TRUE">String</attrtype><attwidth Sync="TRUE">3</attwidth><atprecis Sync="TRUE">0</atprecis><attscale Sync="TRUE">0</attscale></attr><attr><attrlabl Sync="TRUE">TRACT</attrlabl><attalias Sync="TRUE">TRACT</attalias><attrtype Sync="TRUE">String</attrtype><attwidth Sync="TRUE">6</attwidth><atprecis Sync="TRUE">0</atprecis><attscale Sync="TRUE">0</attscale></attr><attr><attrlabl Sync="TRUE">BLKGRP</attrlabl><attalias Sync="TRUE">BLKGRP</attalias><attrtype Sync="TRUE">String</attrtype><attwidth Sync="TRUE">1</attwidth><atprecis Sync="TRUE">0</atprecis><attscale Sync="TRUE">0</attscale></attr><attr><attrlabl Sync="TRUE">NAME</attrlabl><attalias Sync="TRUE">NAME</attalias><attrtype Sync="TRUE">String</attrtype><attwidth Sync="TRUE">90</attwidth><atprecis Sync="TRUE">0</atprecis><attscale Sync="TRUE">0</attscale></attr><attr><attrlabl Sync="TRUE">LSAD</attrlabl><attalias Sync="TRUE">LSAD</attalias><attrtype Sync="TRUE">String</attrtype><attwidth Sync="TRUE">7</attwidth><atprecis Sync="TRUE">0</atprecis><attscale Sync="TRUE">0</attscale></attr><attr><attrlabl Sync="TRUE">SHAPE_AREA</attrlabl><attalias Sync="TRUE">SHAPE_AREA</attalias><attrtype Sync="TRUE">Double</attrtype><attwidth Sync="TRUE">19</attwidth><atprecis Sync="TRUE">0</atprecis><attscale Sync="TRUE">0</attscale><attrdef Sync="TRUE">Area of feature in internal units squared.</attrdef><attrdefs Sync="TRUE">Esri</attrdefs><attrdomv><udom Sync="TRUE">Positive real numbers that are automatically generated.</udom></attrdomv></attr><attr><attrlabl Sync="TRUE">SHAPE_LEN</attrlabl><attalias Sync="TRUE">SHAPE_LEN</attalias><attrtype Sync="TRUE">Double</attrtype><attwidth Sync="TRUE">19</attwidth><atprecis Sync="TRUE">0</atprecis><attscale Sync="TRUE">0</attscale></attr></detailed></eainfo><mdDateSt Sync="TRUE">20180811</mdDateSt></metadata>
